
-- AIRPLANES
INSERT INTO Airplane_1(model, business_cap)
VALUES('BOEING777', 20);

INSERT INTO Airplane_1(model, business_cap)
VALUES('AIRBUS320', 30);

INSERT INTO Airplane_1(model, business_cap)
VALUES('AIRBUS330', 24);

INSERT INTO Airplane_1(model, business_cap)
VALUES('AIRBUS350', 36);

INSERT INTO Airplane_1(model, business_cap)
VALUES('BOEING787', 24);

INSERT INTO Airplane_2(model, economy_cap)
VALUES('BOEING777', 300);

INSERT INTO Airplane_2(model, economy_cap)
VALUES('AIRBUS320', 168);

INSERT INTO Airplane_2(model, economy_cap)
VALUES('AIRBUS330', 269);

INSERT INTO Airplane_2(model, economy_cap)
VALUES('AIRBUS350', 322);

INSERT INTO Airplane_2(model, economy_cap)
VALUES('BOEING787', 250);

INSERT INTO Airplane_3(model, firstclass_cap)
VALUES('BOEING777', 8);

INSERT INTO Airplane_3(model, firstclass_cap)
VALUES('AIRBUS320', 0);

INSERT INTO Airplane_3(model, firstclass_cap)
VALUES('AIRBUS330', 0);

INSERT INTO Airplane_3(model, firstclass_cap)
VALUES('AIRBUS350', 12);

INSERT INTO Airplane_3(model, firstclass_cap)
VALUES('BOEING787', 0);

INSERT INTO Airplane_4(plane_id, flight_no, airline, date, model)
VALUES('1234', '520', 'AC', '2018-05-20', 'BOEING777');

INSERT INTO Airplane_4(plane_id, flight_no, airline, date, model)
VALUES('1023', '092', 'CA', '2018-05-21', 'AIRBUS320');

INSERT INTO Airplane_4(plane_id, flight_no, airline, date, model)
VALUES('5048', '084', 'JP', '2018-06-02', 'AIRBUS330');

INSERT INTO Airplane_4(plane_id, flight_no, airline, date, model)
VALUES('9765', '022', 'AA', '2018-02-16', 'AIRBUS350');

INSERT INTO Airplane_4(plane_id, flight_no, airline, date, model)
VALUES('2458', '554', 'CX', '2018-02-16', 'BOEING787');

